brokeback,1
mountain,2
was,3
so,4
awesome,5
because,6
i,7
would,8
like,9
to,10
make,11
friends,12
who,13
the,14
same,15
things,16
and,17
really,18
harry,19
potter,20
thought,21
that,22
joining,23
a,24
community,25
this,26
be,27
good,28
start,29
love,30
an,31
movie,32
man,33
loved,34
also,35
hated,36
da,37
vinci,38
code,39
is,40
best,41
of,42
most,43
depressing,44
ever,45
not,46
hate,47
but,48
am,49
type,50
person,51
likes,52
it,53
when,54
main,55
character,56
dies,57
well,58
if,59
youre,60
ass,61
off,62
mission,63
impossible,64
freakin,65
amazing,66
kirsten,67
leah,68
kate,69
escapades,70
tom,71
as,72
wanted,73
desperately,74
lovethe,75
film,76
boring,77
sucked,78
were,79
gonna,80
watch,81
or,82
hoot,83
beautiful,84
sit,85
here,86
watching,87
mtv,88
awards,89
reminded,90
how,91
much,92
despised,93
then,94
snuck,95
into,96
which,97
have,98
seen,99
oh,100
terrible,101
we,102
liked,103
dudeee,104
cant,105
wait,106
read,107
says,108
cruise,109
has,110
for,111
his,112
all,113
movies,114
fucking,115
horrible,116
dont,117
care,118
anyone,119
differently,120
daniel,121
wotshisface,122
needs,123
slap,124
im,125
hes,126
likeyeah,127
got,128
acne,129
series,130
you,131
can,132
count,133
book,134
catcher,135
in,136
tye,137
jane,138
eyre,139
virgin,140
suicides,141
yeah,142
every,143
few,144
ill,145
go,146
through,147
by,148
way,149
just,150
letting,151
know,152
either,153
think,154
its,155
great,156
homosexuality,157
becoming,158
more,159
acceptable,160
absolutely,161
quiz,162
sucks,163
ok,164
bye,165
combining,166
opinion,167
review,168
from,169
gary,170
gin,171
zen,172
friday,173
hung,174
out,175
with,176
kelsie,177
went,178
saw,179
outshines,180
better,181
reading,182
material,183
there,184
are,185
plain,186
stupid,187
begin,188
heard,189
soo,190
only,191
25,192
stars,193
betterwe,194
bogus,195
inaccurate,196
why,197
may,198
stories,199
first,200
want,201
place,202
where,203
people,204
take,205
serious,206
still,207
fun,208
he,209
on,210
big,211
time,212
anyway,213
thats,214
evil,215
going,216
again,217
one,218
story,219
crash,220
lot,221
other,222
two,223
being,224
worth,225
me,226
does,227
suck,228
she,229
helped,230
bobbypin,231
my,232
insanely,233
cool,234
hat,235
head,236
laughed,237
at,238
cowboy,239
jokes,240
deep,241
profound,242
sentry,243
station,244
bonkers,245
these,246
luv,247
lubb,248
everyone,249
knows,250
gay,251
cowboys,252
back,253
mom,254
see,255
totally,256
they,257
left,258
too,259
always,260
what,261
guy,262
crazy,263
hates,264
very,265
up,266
down,267
right,268
b,269
felicias,270
cleaning,271
table,272
felicia,273
grabs,274
keys,275
dash,276
dads,277
about,278
said,279
silent,280
hill,281
turned,282
reality,283
coz,284
hella,285
goin,286
bitch,287
never,288
whos,289
side,290
last,291
stand,292
3,293
both,294
say,295
will,296
shit,297
after,298
won,299
told,300
us,301
bad,302
thinking,303
retarted,304
theres,305
black,306
kinda,307
dragged,308
draco,309
malfoy,310
s,311
trousers,312
past,313
hips,314
him,315
throat,316
vigor,317
making,318
whimpering,319
noises,320
panting,321
groaning,322
around,323
blonds,324
rockhard,325
aching,326
cock,327
iii,328
sick,329
books,330
now,331
must,332
made,333
freaking,334
excellent,335
personally,336
used,337
their,338
awful,339
had,340
feel,341
such,342
world,343
than,344
seeing,345
actually,346
before,347
2,348
rocks,349
though,350
try,351
talk,352
god,353
far,354
even,355
course,356
quite,357
having,358
get,359
picture,360
miss,361
school,362
lol,363
until,364
did,365
second,366
theme,367
song,368
since,369
didnt,370
lord,371
rings,372
do,373
wrong,374
saying,375
enjoy,376
new,377
hear,378
some,379
news,380
while,381
novel,382
thing,383
sure,384
already,385
ive,386
been,387
pretty,388
days,389
talking,390
should,391
sucking,392
glad,393
real,394
mean,395
interesting,396
end,397
watched,398
show,399
life,400
almost,401
crap,402
little,403
bit,404
balls,405
apparently,406
times,407
doing,408
action,409
those,410
three,411
id,412
demons,413
xmen,414
doesnt,415
day,416
okay,417
might,418
looks,419
tell,420
kids,421
them,422
anything,423
could,424
least,425
finished,426
over,427
something,428
long,429
kind,430
probably,431
lost,432
your,433
havent,434
yet,435
enjoyed,436
fact,437
else,438
no,439
crappy,440
hey,441
officially,442
year,443
night,444
give,445
fan,446
angels,447
theater,448
fandom,449
sad,450
our,451
money,452
